{
    "name": "root",
    "gauges": {
        "SuperTank.Policy.Entropy.mean": {
            "value": 1.9038755893707275,
            "min": 1.9038755893707275,
            "max": 2.112034797668457,
            "count": 21
        },
        "SuperTank.Policy.Entropy.sum": {
            "value": 19031.140625,
            "min": 19031.140625,
            "max": 21187.927734375,
            "count": 21
        },
        "SuperTank.Environment.EpisodeLength.mean": {
            "value": 4.934124629080118,
            "min": 4.934124629080118,
            "max": 7.106158833063209,
            "count": 21
        },
        "SuperTank.Environment.EpisodeLength.sum": {
            "value": 8314.0,
            "min": 8314.0,
            "max": 8769.0,
            "count": 21
        },
        "SuperTank.Step.mean": {
            "value": 209999.0,
            "min": 9997.0,
            "max": 209999.0,
            "count": 21
        },
        "SuperTank.Step.sum": {
            "value": 209999.0,
            "min": 9997.0,
            "max": 209999.0,
            "count": 21
        },
        "SuperTank.Policy.ExtrinsicValueEstimate.mean": {
            "value": -25.62264060974121,
            "min": -29.287036895751953,
            "max": 0.06148606166243553,
            "count": 21
        },
        "SuperTank.Policy.ExtrinsicValueEstimate.sum": {
            "value": -43174.1484375,
            "min": -44099.6640625,
            "max": 78.87698364257812,
            "count": 21
        },
        "SuperTank.Environment.CumulativeReward.mean": {
            "value": -33.78448839668704,
            "min": -43.906303918921964,
            "max": -33.467652409480166,
            "count": 21
        },
        "SuperTank.Environment.CumulativeReward.sum": {
            "value": -56926.86294841766,
            "min": -56926.86294841766,
            "max": -53243.593338012695,
            "count": 21
        },
        "SuperTank.Policy.ExtrinsicReward.mean": {
            "value": -33.78448839668704,
            "min": -43.906303918921964,
            "max": -33.467652409480166,
            "count": 21
        },
        "SuperTank.Policy.ExtrinsicReward.sum": {
            "value": -56926.86294841766,
            "min": -56926.86294841766,
            "max": -53243.593338012695,
            "count": 21
        },
        "SuperTank.IsTraining.mean": {
            "value": 1.0,
            "min": 1.0,
            "max": 1.0,
            "count": 21
        },
        "SuperTank.IsTraining.sum": {
            "value": 1.0,
            "min": 1.0,
            "max": 1.0,
            "count": 21
        },
        "SuperTank.Losses.PolicyLoss.mean": {
            "value": 0.016558379479683936,
            "min": 0.01553044789005071,
            "max": 0.01674539255560376,
            "count": 5
        },
        "SuperTank.Losses.PolicyLoss.sum": {
            "value": 0.016558379479683936,
            "min": 0.01553044789005071,
            "max": 0.01674539255560376,
            "count": 5
        },
        "SuperTank.Losses.ValueLoss.mean": {
            "value": 293.2121392822266,
            "min": 293.2121392822266,
            "max": 730.1349896240234,
            "count": 5
        },
        "SuperTank.Losses.ValueLoss.sum": {
            "value": 293.2121392822266,
            "min": 293.2121392822266,
            "max": 730.1349896240234,
            "count": 5
        },
        "SuperTank.Policy.LearningRate.mean": {
            "value": 0.0002692746102418001,
            "min": 0.0002692746102418001,
            "max": 0.00029385585204805,
            "count": 5
        },
        "SuperTank.Policy.LearningRate.sum": {
            "value": 0.0002692746102418001,
            "min": 0.0002692746102418001,
            "max": 0.00029385585204805,
            "count": 5
        },
        "SuperTank.Policy.Epsilon.mean": {
            "value": 0.18975820000000002,
            "min": 0.18975820000000002,
            "max": 0.19795195000000004,
            "count": 5
        },
        "SuperTank.Policy.Epsilon.sum": {
            "value": 0.18975820000000002,
            "min": 0.18975820000000002,
            "max": 0.19795195000000004,
            "count": 5
        },
        "SuperTank.Policy.Beta.mean": {
            "value": 0.0010000000000000002,
            "min": 0.0010000000000000002,
            "max": 0.0010000000000000002,
            "count": 5
        },
        "SuperTank.Policy.Beta.sum": {
            "value": 0.0010000000000000002,
            "min": 0.0010000000000000002,
            "max": 0.0010000000000000002,
            "count": 5
        }
    },
    "metadata": {
        "timer_format_version": "0.1.0",
        "start_time_seconds": "1736191084",
        "python_version": "3.10.12 | packaged by Anaconda, Inc. | (main, Jul  5 2023, 19:01:18) [MSC v.1916 64 bit (AMD64)]",
        "command_line_arguments": "D:\\miniconda\\envs\\mlagents\\Scripts\\mlagents-learn config/tankBehavior.yml --force --run-id=Test2",
        "mlagents_version": "1.2.0.dev0",
        "mlagents_envs_version": "1.2.0.dev0",
        "communication_protocol_version": "1.5.0",
        "pytorch_version": "2.2.2+cu121",
        "numpy_version": "1.23.5",
        "end_time_seconds": "1736192077"
    },
    "total": 993.145834600029,
    "count": 1,
    "self": 0.010328800010029227,
    "children": {
        "run_training.setup": {
            "total": 0.12760000000707805,
            "count": 1,
            "self": 0.12760000000707805
        },
        "TrainerController.start_learning": {
            "total": 993.0079058000119,
            "count": 1,
            "self": 1.7312911067856476,
            "children": {
                "TrainerController._reset_env": {
                    "total": 32.01471680001123,
                    "count": 1,
                    "self": 32.01471680001123
                },
                "TrainerController.advance": {
                    "total": 959.0545093932305,
                    "count": 57635,
                    "self": 1.4469739043852314,
                    "children": {
                        "env_step": {
                            "total": 688.5419918932603,
                            "count": 57635,
                            "self": 469.66794559027767,
                            "children": {
                                "SubprocessEnvManager._take_step": {
                                    "total": 217.82235610153293,
                                    "count": 57635,
                                    "self": 3.286859903484583,
                                    "children": {
                                        "TorchPolicy.evaluate": {
                                            "total": 214.53549619804835,
                                            "count": 35141,
                                            "self": 214.53549619804835
                                        }
                                    }
                                },
                                "workers": {
                                    "total": 1.0516902014496736,
                                    "count": 57635,
                                    "self": 0.0,
                                    "children": {
                                        "worker_root": {
                                            "total": 960.4240536015714,
                                            "count": 57635,
                                            "is_parallel": true,
                                            "self": 566.6786467908532,
                                            "children": {
                                                "steps_from_proto": {
                                                    "total": 0.0004839000175707042,
                                                    "count": 1,
                                                    "is_parallel": true,