{
    "name": "root",
    "gauges": {
        "SuperTank.Policy.Entropy.mean": {
            "value": 1.2507188320159912,
            "min": 1.2507188320159912,
            "max": 1.749286413192749,
            "count": 7
        },
        "SuperTank.Policy.Entropy.sum": {
            "value": 12537.2060546875,
            "min": 12537.2060546875,
            "max": 17758.755859375,
            "count": 7
        },
        "SuperTank.Environment.EpisodeLength.mean": {
            "value": 156.5,
            "min": 69.5072463768116,
            "max": 170.15254237288136,
            "count": 7
        },
        "SuperTank.Environment.EpisodeLength.sum": {
            "value": 9703.0,
            "min": 9592.0,
            "max": 10103.0,
            "count": 7
        },
        "SuperTank.Step.mean": {
            "value": 69943.0,
            "min": 9986.0,
            "max": 69943.0,
            "count": 7
        },
        "SuperTank.Step.sum": {
            "value": 69943.0,
            "min": 9986.0,
            "max": 69943.0,
            "count": 7
        },
        "SuperTank.Policy.ExtrinsicValueEstimate.mean": {
            "value": -25.80403709411621,
            "min": -71.50469970703125,
            "max": -19.359573364257812,
            "count": 7
        },
        "SuperTank.Policy.ExtrinsicValueEstimate.sum": {
            "value": -5186.611328125,
            "min": -16875.109375,
            "max": -3968.71240234375,
            "count": 7
        },
        "SuperTank.Environment.CumulativeReward.mean": {
            "value": -49.19903236387238,
            "min": -139.53218151650566,
            "max": -25.339672029995526,
            "count": 7
        },
        "SuperTank.Environment.CumulativeReward.sum": {
            "value": -3050.340006560087,
            "min": -19255.441049277782,
            "max": -1545.7199938297272,
            "count": 7
        },
        "SuperTank.Policy.ExtrinsicReward.mean": {
            "value": -49.19903236387238,
            "min": -139.53218151650566,
            "max": -25.339672029995526,
            "count": 7
        },
        "SuperTank.Policy.ExtrinsicReward.sum": {
            "value": -3050.340006560087,
            "min": -19255.441049277782,
            "max": -1545.7199938297272,
            "count": 7
        },
        "SuperTank.Losses.PolicyLoss.mean": {
            "value": 0.242356374876136,
            "min": 0.242356374876136,
            "max": 0.2469734256404714,
            "count": 7
        },
        "SuperTank.Losses.PolicyLoss.sum": {
            "value": 18.1767281157102,
            "min": 18.1767281157102,
            "max": 18.837052893012018,
            "count": 7
        },
        "SuperTank.Losses.ValueLoss.mean": {
            "value": 70.83576453217907,
            "min": 41.47034444639908,
            "max": 772.4554452818389,
            "count": 7
        },
        "SuperTank.Losses.ValueLoss.sum": {
            "value": 5312.68233991343,
            "min": 3193.2165223727293,
            "max": 58706.613841419756,
            "count": 7
        },
        "SuperTank.Policy.LearningRate.mean": {
            "value": 0.00026101759699413864,
            "min": 0.00026101759699413864,
            "max": 0.00029706420097859996,
            "count": 7
        },
        "SuperTank.Policy.LearningRate.sum": {
            "value": 0.019576319774560397,
            "min": 0.019576319774560397,
            "max": 0.022576879274373598,
            "count": 7
        },
        "SuperTank.Policy.Epsilon.mean": {
            "value": 0.18700586133333333,
            "min": 0.18700586133333333,
            "max": 0.1990214,
            "count": 7
        },
        "SuperTank.Policy.Epsilon.sum": {
            "value": 14.0254396,
            "min": 14.0254396,
            "max": 15.125626399999998,
            "count": 7
        },
        "SuperTank.Policy.Beta.mean": {
            "value": 0.0005000000000000001,
            "min": 0.0005000000000000001,
            "max": 0.0005000000000000001,
            "count": 7
        },
        "SuperTank.Policy.Beta.sum": {
            "value": 0.037500000000000006,
            "min": 0.037500000000000006,
            "max": 0.038500000000000006,
            "count": 7
        },
        "SuperTank.IsTraining.mean": {
            "value": 1.0,
            "min": 1.0,
            "max": 1.0,
            "count": 7
        },
        "SuperTank.IsTraining.sum": {
            "value": 1.0,
            "min": 1.0,
            "max": 1.0,
            "count": 7
        }
    },
    "metadata": {
        "timer_format_version": "0.1.0",
        "start_time_seconds": "1736185770",
        "python_version": "3.10.12 | packaged by Anaconda, Inc. | (main, Jul  5 2023, 19:01:18) [MSC v.1916 64 bit (AMD64)]",
        "command_line_arguments": "D:\\miniconda\\envs\\mlagents\\Scripts\\mlagents-learn config/moveToGoal.yml --run-id=Test2",
        "mlagents_version": "1.2.0.dev0",
        "mlagents_envs_version": "1.2.0.dev0",
        "communication_protocol_version": "1.5.0",
        "pytorch_version": "2.2.2+cu121",
        "numpy_version": "1.23.5",
        "end_time_seconds": "1736186431"
    },
    "total": 660.9633545000106,
    "count": 1,
    "self": 10.009683999989647,
    "children": {
        "run_training.setup": {
            "total": 0.12163260002853349,
            "count": 1,
            "self": 0.12163260002853349
        },
        "TrainerController.start_learning": {
            "total": 650.8320378999924,
            "count": 1,
            "self": 0.4700517970486544,
            "children": {
                "TrainerController._reset_env": {
                    "total": 11.346377700043377,
                    "count": 1,
                    "self": 11.346377700043377
                },
                "TrainerController.advance": {
                    "total": 638.8044879029039,
                    "count": 17951,
                    "self": 0.43603230721782893,
                    "children": {
                        "env_step": {
                            "total": 274.5088449958712,
                            "count": 17951,
                            "self": 177.7509185996023,
                            "children": {
                                "SubprocessEnvManager._take_step": {
                                    "total": 96.43755269394023,
                                    "count": 17951,
                                    "self": 1.4559068957460113,
                                    "children": {
                                        "TorchPolicy.evaluate": {
                                            "total": 94.98164579819422,
                                            "count": 17564,
                                            "self": 94.98164579819422
                                        }
                                    }
                                },
                                "workers": {
                                    "total": 0.32037370232865214,
                                    "count": 17950,
                                    "self": 0.0,
                                    "children": {
                                        "worker_root": {
                                            "total": 640.2189256962738,
                                            "count": 17950,
                                            "is_parallel": true,
                                            "self": 486.5146441932884,
                                            "children": {
                                                "steps_from_proto": {
                                                    "total": 0.0005275000003166497,
                                                    "count": 1,
                                                    "is_parallel": true,
                                                    "self": 0.00030700000934302807,